,HR_mean,HR_std,HR_min,HR_max,HRV_RMSSD,HRV_MeanNN,HRV_SDNN,HRV_CVNN,HRV_CVSD,HRV_MedianNN,HRV_MadNN,HRV_MCVNN,HRV_pNN50,HRV_pNN20,HRV_HF,HRV_VHF,HRV_HFn,HRV_LFHF,HRV_SD1,HRV_SD2,HRV_SD1SD2,RSP_mean,RSP_std,RSP_min,RSP_max,RRV_RMSSD,RRV_MeanBB,RRV_SDBB,RRV_SD1,RRV_SD2,RRV_SD2SD1,label,ID
0,0.716122601,0,1,0.124114629,0,0.263473822,0,0,0,0.260504202,0,0,0,0,0.109301975,0.046540881,1,0,0,0,0.109074671,1,0.419903242,1,0.39718516,0,0,0,0,0,0.161466445,1,1
1,0.430660519,0.640848271,0.03313744,0,0.287563734,0.542889154,0.600016363,0.642308615,0.289658914,0.243697479,0.511111111,0.548552402,0.398162042,0.58467812,0.125734962,0.055765199,0.02655109,0.949581542,0.287656903,0.618872011,0,0.639266592,1,0.402879636,1,0.267786652,0.231437479,0.666144334,0.269703763,0.765156113,0.469193955,1,1
2,0.179901906,0.957735963,0.014663325,1,1,0.821094343,0.896151584,0.920872997,1,1,0.911111111,0.875923702,0.930476832,0.793790486,0.892959445,1,0.847374696,0.043988076,1,0.831423196,1,0.022922874,0,0.478005718,0,0.476721808,1,0.686472509,0.502157417,0.614497,0.21605036,1,1
3,0,1,0,0.232876537,0.588701315,1,1,1,0.55934231,0.74789916,1,1,1,1,0,0,0,1,0.587708849,1,0.154894566,0,0.129119692,0.469941629,0.242863281,0.013847946,0.898140319,0.745371192,0.018264519,1,1,1,1
4,0.190491584,0.579010408,0.457906299,0.054332553,0.35590105,0.794336619,0.566467476,0.567634589,0.340794013,0.781512605,0.688888889,0.67542611,0.63879542,0.610269739,1,0.04360587,0.668409418,0.225257169,0.355950897,0.57402488,0.179991695,0.22728705,0.168509267,0.10980217,0.169394059,0.524173837,0.605128132,0.841808421,0.534652438,0.822581887,0.299590908,1,1
5,0.871740172,0.398495985,0.544912289,0.16701609,0.156520808,0.11360095,0.271284382,0.329880276,0.180322168,0.025210084,0.377777778,0.427384916,0.225723968,0.339302168,0.897783808,0.293920335,0.729620983,0.164981614,0.155766481,0.256164745,0.142232234,0.687132176,0.761045187,0,0.618018336,1,0.223440335,1,1,0.603069788,0.021081621,0,1
6,1,0.432137949,0.922701454,0.27782231,0.15429566,0,0.254666409,0.325293976,0.185942021,0,0.422222222,0.478443848,0.343989896,0.302595045,0.286295794,0.058280922,0.358675674,0.504973046,0.1543346,0.257981953,0.135957952,0.681678405,0.398977039,0.358737724,0.168051007,0.540772995,0.244269219,0.478261879,0.542708576,0.210379499,0,0,1