,HR_mean,HR_std,HR_min,HR_max,HRV_RMSSD,HRV_MeanNN,HRV_SDNN,HRV_CVNN,HRV_CVSD,HRV_MedianNN,HRV_MadNN,HRV_MCVNN,HRV_pNN50,HRV_pNN20,HRV_HF,HRV_VHF,HRV_HFn,HRV_LFHF,HRV_SD1,HRV_SD2,HRV_SD1SD2,RSP_mean,RSP_std,RSP_min,RSP_max,RRV_RMSSD,RRV_MeanBB,RRV_SDBB,RRV_SD1,RRV_SD2,RRV_SD2SD1,label,ID
0,0.05102164,0.104534596,0.790109644,0,0.376046215,0.943610547,0.120882427,0.126310041,0.376155268,0.956521739,0.404761905,0.410173767,0.459328371,0.732706273,1,0.869266055,0.959751277,0.012000882,0.375545121,0.106149389,1,0.53466809,0.646080643,0.475975471,0.569414063,0.428396491,0.245782266,0.457394038,0.409265061,0.241436027,0.257954462,1,25
1,0.005081129,0.726472471,0,0.47402518,1,0.996518867,1,0.947962448,1,0.967391304,1,1,1,1,0.179878339,0,0.516340218,0.252378336,1,1,0.419254124,0.588501672,0.669174284,0.601906846,0.757875638,0.346218785,0.245587939,0.353473907,0.331935183,0.169029244,0.254381259,1,25
2,0.13118593,0.167314737,1,0.184634556,0.421265948,0.853335948,0.151116734,0.174836814,0.453604436,0.902173913,0.380952381,0.397911996,0.453621126,0.954166425,0.940737572,0.348623853,1,0,0.421179615,0.141931433,0.989627234,0.050453644,0.02561103,0.194901446,0,0.687502024,0.902411588,0.79773462,0.681327802,0.455073203,0.237138642,1,25
3,0.09184756,0.302279555,0.777246948,0.277718802,0,0.89739164,0.353054464,0.358983694,0,0.945652174,0.476190476,0.483744395,0.259981489,0,0.503041536,0.199541284,0.689837886,0.138971505,0,0.381799701,0.159642544,0,0,0,0.072674201,1,1,0.988009016,1,0.320909459,0,1,25
4,0,0,0.854868203,0.135199541,0.113478037,1,0,0,0.088046827,1,0,0,0,0.034192979,0.571048379,1,0.477668221,0.276195372,0.113371121,0,0.864904615,0.246919934,0.4231928,0.149159925,0.151217484,0.414056979,0.569689977,1,0.38641514,1,1,1,25
5,1,1,0.73883506,1,0.193410598,0,0.71373764,1,0.515033888,0,0.595238095,0.8567358,0.406602612,0.059996987,0,0.216743119,0,1,0.19248704,0.721394027,0,1,1,1,1,0,0,0,0,0,0.456364986,0,25