,HR_mean,HR_std,HR_min,HR_max,HRV_RMSSD,HRV_MeanNN,HRV_SDNN,HRV_CVNN,HRV_CVSD,HRV_MedianNN,HRV_MadNN,HRV_MCVNN,HRV_pNN50,HRV_pNN20,HRV_HF,HRV_VHF,HRV_HFn,HRV_LFHF,HRV_SD1,HRV_SD2,HRV_SD1SD2,RSP_mean,RSP_std,RSP_min,RSP_max,RRV_RMSSD,RRV_MeanBB,RRV_SDBB,RRV_SD1,RRV_SD2,RRV_SD2SD1,label,ID
0,0.212971279,0.370973981,0.146632853,0.144435484,0.925772729,0.75707867,0.604401264,0.596896762,1,0.632398754,0.278481013,0.31392603,0.552763715,0.328556662,0.759684649,1,0.007254569,0.979858667,0.92579382,0.565849705,0.67019658,0.449553221,0.211020057,0.783661742,0.598947538,0.221465195,0.417777627,0.188414802,0.219770229,0.135818859,0.073665274,1,31
1,0.171322348,0.716522664,0.421537576,0.290287002,0.771775049,0.805118227,1,0.967892486,0.803218442,0.816199377,1,1,0.873307773,1,0.462822155,0.414023372,0.704672902,0.152644551,0.772518855,1,0.265891477,0.613271389,0.052981115,1,0.151351589,0,0.24252438,0,0,0,0.051834903,1,31
2,0,0.149948118,0,0,1,1,0.367218167,0.283714111,0.945152848,1,0.151898734,0.105740922,1,0.758110075,1,0.674457429,1,0,1,0.29388023,1,0.232580186,0.119387045,0.011490138,0.013686432,0.477660155,0.697621205,0.500411906,0.484307928,0.399738893,0.177054425,1,31
3,0.217975937,0,0.650144868,0.158644514,0.021766458,0.750863831,0,0,0,0.753894081,0,0,0.348402616,0.721809813,0.944373299,0.936560935,0,1,0.022417122,0,0.594338224,0,0.315886828,0,0.032742699,0.181549345,1,1,0.185143813,1,1,1,31
4,0.218341584,0.178813288,0.622465019,0.187308264,0.109781928,0.750035186,0.23108595,0.2293708,0.098056685,0.719626168,0.278481013,0.292888248,0.552763715,0.525183204,0.301824876,0.09015025,0.779847986,0.110704386,0.110543938,0.242839195,0.414153343,0.204848453,0,0.442563927,0,0.000449654,0.738747793,0.193586732,0.002445935,0.222646859,0.323310938,1,31
5,1,1,1,1,0,0,0.676150414,1,0.324572638,0,0.341772152,0.564754048,0,0,0,0,0.069081693,0.839914617,0,0.724611971,0,1,1,0.441450949,1,1,0,0.714092284,1,0.439556936,0,0,31