,HR_mean,HR_std,HR_min,HR_max,HRV_RMSSD,HRV_MeanNN,HRV_SDNN,HRV_CVNN,HRV_CVSD,HRV_MedianNN,HRV_MadNN,HRV_MCVNN,HRV_pNN50,HRV_pNN20,HRV_HF,HRV_VHF,HRV_HFn,HRV_LFHF,HRV_SD1,HRV_SD2,HRV_SD1SD2,RSP_mean,RSP_std,RSP_min,RSP_max,RRV_RMSSD,RRV_MeanBB,RRV_SDBB,RRV_SD1,RRV_SD2,RRV_SD2SD1,label,ID
0,0.348305124,0.275933945,0.842125995,0.657929945,0.000108177,0.002059317,0,0,0,0.005117663,0,0,0.332058694,0.43704522,1,1,1,0,0.000102823,0,0.115507628,0.451607656,0.229685122,0.356861812,0.29618265,0.298319537,0.316833528,0.226046186,0.297159263,0.147981467,0.192714028,1,17
1,0.811424803,1,0.261238781,1,1,0.874929864,1,0.398086054,0.737169256,0.090383504,0.096775609,0.811393196,0.706605229,0.173160171,4.19E-06,1.16E-06,0.000737209,0.870700357,1,0.825822435,1,0,0,0,0,1,1,1,1,0.840145628,0.122045214,1,17
2,1,0.817617621,0,0.98562024,0.403222459,1,0.820676672,0.27519549,0.235870208,1,1,1,1,1,0,0,0,1,0.231019106,1,0,0.255459142,0.060817342,0.268020585,0.014679719,0.581721333,0.543633159,0.463150987,0.579416313,0.31194918,0,1,17
3,0,0,0.947967367,0.125445257,0.005124194,0.004093932,0.006919464,0.111010146,0.143525165,0.005974176,8.77E-05,0.000630748,0.146133462,0.118220632,0.06201035,0.040382913,0.89271837,0.0006456,0.004751972,0.00739,0.317231929,1,1,0.704357747,1,0.317286739,0,0.222700484,0.313805059,0.131509341,0.132589209,0,17
4,0.500848373,0.100302544,1,0,0.055193218,0.017994518,0.097520133,1,1,0.002805079,0.000307085,0.014636292,0,0,0.000641597,0.000177757,0.023217258,0.172776786,0.051257883,0.140008215,0.136868628,0.779345818,0.493809744,1,0.494055926,0,0.088076272,0,0,0,0.651431691,0,17
5,0.892203925,0.47496499,0.935807541,0.408177592,0,0,0.00010859,0.006522343,0.000294854,0,0.001096732,0.048734562,0.117410781,0.291764229,0.687790247,0.490424592,0.734823633,0.001827725,0,0.000236943,0.06226376,0.192584866,0.333779094,0.153520745,0.400755948,0.54873195,0.632435543,0.9298029,0.547492508,1,1,0,17