,HR_mean,HR_std,HR_min,HR_max,HRV_RMSSD,HRV_MeanNN,HRV_SDNN,HRV_CVNN,HRV_CVSD,HRV_MedianNN,HRV_MadNN,HRV_MCVNN,HRV_pNN50,HRV_pNN20,HRV_HF,HRV_VHF,HRV_HFn,HRV_LFHF,HRV_SD1,HRV_SD2,HRV_SD1SD2,RSP_mean,RSP_std,RSP_min,RSP_max,RRV_RMSSD,RRV_MeanBB,RRV_SDBB,RRV_SD1,RRV_SD2,RRV_SD2SD1,label,ID
0,0.691370657,0.696961088,0.446649519,0.419671955,0.53469028,0.296454187,0.585044376,0.633539128,0.568707483,0.348837209,1,1,0.979221017,0.417039336,0,0,0.173326416,0.590105431,0.534393595,0.577514169,0.040997195,0.528577251,0,1,0.969715043,0,0.402752359,0,0,0,0,1,22
1,0.448246375,0.369484901,0.754147225,0.39228201,0.185042194,0.539942449,0.303900572,0.330861129,0.210570382,0.558139535,0.454545455,0.459994551,0,0.251875159,0.124235318,0.023923445,0.187224266,0.569849492,0.184803511,0.308020903,0.00939417,0,0.238345021,0.586323957,0,0.123194908,0.997295906,0.349013168,0.123799043,0.450972092,1,1,22
2,0,0,0.766817269,0,0,1,0,0,0,1,0,0,0,0,0.22002447,0.123205742,0,1,0,0,0.184672743,0.009097913,0.275022304,0.055330213,0.012364844,0.438946889,1,0.525781292,0.440108891,0.570269489,0.506441109,1,22
3,0.246597666,1,0,0.347152328,0.954547206,0.742049828,1,1,0.918367347,0.651162791,0.909090909,0.876487149,1,1,0.022277732,0.004784689,0.065583204,0.811716894,0.954218982,1,0,1,0.580323345,0.013243242,0.700790149,0.439222894,0,0.504478544,0.435453788,0.541447997,0.463090139,0,22
4,1,0.600483127,0.779516676,0.522160343,0.499578645,0,0.444352237,0.518601668,0.566091052,0,0.727272727,0.781218781,0,0.586002439,0.233839723,0.040669856,0.372464994,0.341884451,0.499512018,0.445168909,0.133511937,0.480988514,1,0,1,1,0.506268589,1,1,1,0.39018996,0,22
5,0.555834879,0.245947519,1,1,1,0.431321014,0.166738262,0.202333226,1,0.418604651,0.090909091,0.129007356,0.65622251,0.506780243,1,1,1,0,1,0.123195988,1,0.430167675,0.389773379,0.54208945,0.519538869,0.223196085,0.499044523,0.396163659,0.223006931,0.478769739,0.77521045,0,22