,HR_mean,HR_std,HR_min,HR_max,HRV_RMSSD,HRV_MeanNN,HRV_SDNN,HRV_CVNN,HRV_CVSD,HRV_MedianNN,HRV_MadNN,HRV_MCVNN,HRV_pNN50,HRV_pNN20,HRV_HF,HRV_VHF,HRV_HFn,HRV_LFHF,HRV_SD1,HRV_SD2,HRV_SD1SD2,RSP_mean,RSP_std,RSP_min,RSP_max,RRV_RMSSD,RRV_MeanBB,RRV_SDBB,RRV_SD1,RRV_SD2,RRV_SD2SD1,label,ID
0,1,0,0.81168903,0.066595365,0,0,0,0,0,0,0,0,0,0,0,0,0.290732274,0.49931641,0,0,0,0,0,0.168390871,0.132985276,0.445537622,1,0.436185031,0.446314059,0.435433235,0.421730882,1,9
1,0.871895369,0.183881586,1,0.12533614,0.280546598,0.11840096,0.185624939,0.186836969,0.288848909,0.125,0.292682927,0.302959386,0.316095913,0.407891088,0.434824319,0.304635762,0.341848707,0.444172393,0.280553672,0.180378324,0.394595186,1,0.12680065,1,1,0,0,0,0,0,0,1,9
2,0.550039409,1,0,1,1,0.44169871,1,1,1,0.465277778,1,1,0.915526021,1,0.654275093,0.620309051,0.478832523,0.310498443,1,1,0.585597504,0.103385364,0.768688846,0.367985594,0.790526515,0.586294868,0.897077867,0.650697659,0.586677174,0.683752302,0.750865605,1,9
3,0.240803077,0.469417403,0.32671432,0.52021767,0.749579008,0.742920066,0.583076237,0.517419163,0.70527195,0.756944444,0.609756098,0.532482152,0.941898167,0.891969888,0.2748531,0.236203091,0,1,0.749517301,0.566750086,0.735361203,0.482082133,0.573566584,0.328822386,0.20363338,0.348976269,0.481454297,0.420390353,0.348612852,0.459564315,0.668644412,0,9
4,0,0.244325806,0.138061919,0,0.651895713,1,0.473866341,0.370894509,0.57904713,1,0.682926829,0.564860622,1,0.879499884,0.587960187,0.280353201,0.634153422,0.194738407,0.651926155,0.459364191,0.718044633,0.113118942,1,0,0,1,0.9086843,1,1,1,0.718113985,0,9
5,0.232730025,0.219378886,0.399302349,0.249346635,0.76947557,0.892990212,0.451357226,0.362577442,0.707071032,0.895833333,0.56097561,0.458245697,0.956616361,0.828479507,1,1,1,0,0.769914292,0.42371104,1,0.686848026,0.502569896,0.313006018,0.283795729,0.261450091,0.268844675,0.427812632,0.261263278,0.508296566,1,0,9