,HR_mean,HR_std,HR_min,HR_max,HRV_RMSSD,HRV_MeanNN,HRV_SDNN,HRV_CVNN,HRV_CVSD,HRV_MedianNN,HRV_MadNN,HRV_MCVNN,HRV_pNN50,HRV_pNN20,HRV_HF,HRV_VHF,HRV_HFn,HRV_LFHF,HRV_SD1,HRV_SD2,HRV_SD1SD2,RSP_mean,RSP_std,RSP_min,RSP_max,RRV_RMSSD,RRV_MeanBB,RRV_SDBB,RRV_SD1,RRV_SD2,RRV_SD2SD1,label,ID
0,0,0,0.238317279,0,0.701180906,1,0.500192863,0,0.462339364,1,0.68503937,0.444343665,0.859497816,1,0.666372148,0.572755418,0.485986071,0.23601171,0.701709555,0.377117577,0.959866133,0.578721434,0.243837817,0.849504216,0.453329852,0.092445223,0.235346402,0.107780027,0.091629344,0.124510838,0.384077853,1,17
1,0.103808067,0.15876254,0.319855255,0.107962751,1,0.847465666,0.91905966,0.301768321,1,0.823455233,1,1,1,0.983693197,0.386441692,0.441692466,0.208094946,0.524818987,1,0.764009804,0.926375859,0.130768364,0.405240803,0.512594536,0.204954104,0.156639302,0.584558378,0.287660449,0.155956643,0.393563811,1,1,17
2,0.170036926,0.086104899,0.435924613,0.330012869,0.724206249,0.757701111,0.506549399,0.097136407,0.674469402,0.740226986,0.448818898,0.307061618,0.876561972,0.919385845,0.623790455,1,0.998482408,0,0.724368314,0.361301927,1,0.421144232,0,0.654247541,0,0.051431798,0.364421326,0.035110914,0.051501197,0.021095696,0.113729758,1,17
3,0.1612717,0.049165753,0.393094592,0.066473421,0.552758,0.769774086,0.422906645,0.041520003,0.410226073,0.750315259,0.401574803,0.233724386,0.83147193,0.99515744,0.674609169,0.184726522,1,0.004831042,0.553180604,0.332798272,0.836396004,0.356251133,0.059251815,0.721575789,0.138622737,0.05939933,0.387188323,0.047984443,0.059427241,0.039007037,0.163951982,1,17
4,0.127236105,0.030662593,0.386806026,0.01868696,0.595867448,0.81411393,0.402234434,0.01183897,0.442189377,0.770491803,0.448818898,0.286546288,0.800255734,0.989505496,1,0.878224974,0.709656404,0.107904282,0.596228361,0.290023719,0.925570664,1,0.04551904,1,0.180490516,0,0,0,0,0,0.504249469,1,17
5,1,1,0,1,0,0,1,1,0.009392406,0,0.362204724,0.920600064,0,0,0,0,0,1,0,1,0,0,1,0,1,1,1,1,1,1,0,0,17
6,0.961882962,0.278047452,1,0.647694731,0.009853403,0.038925383,0,0.094360604,0,0.128625473,0,0,0.087775081,0.219591448,0.776218096,0.886480908,0.492526838,0.230278368,0.010551799,0,0.432597824,0.162873523,0.679535342,0.170982491,0.581689428,0.585463595,0.771211593,0.61850442,0.577715881,0.664105059,0.141221054,0,17