,HR_mean,HR_std,HR_min,HR_max,HRV_RMSSD,HRV_MeanNN,HRV_SDNN,HRV_CVNN,HRV_CVSD,HRV_MedianNN,HRV_MadNN,HRV_MCVNN,HRV_pNN50,HRV_pNN20,HRV_HF,HRV_VHF,HRV_HFn,HRV_LFHF,HRV_SD1,HRV_SD2,HRV_SD1SD2,RSP_mean,RSP_std,RSP_min,RSP_max,RRV_RMSSD,RRV_MeanBB,RRV_SDBB,RRV_SD1,RRV_SD2,RRV_SD2SD1,label,ID
0,0,0.303425339,0.370527621,0,0,1,0.476089445,0.42611276,0,1,0.4,0.374774282,0,0,0.151068951,0.040345821,1,0,0,0.4862933,0,0.337017039,0.551770785,0,0.065794596,0.572113583,0.562134287,0.781727481,0.569496212,0.919879236,1,1,24
1,0.409033901,0,1,0.772255129,0.354875218,0.581158187,0,0,0.350823592,0.6,0,0,1,0.075249901,1,1,0.896830049,0.02287416,0.357488023,0,1,0.563045886,1,0.426195067,1,0.851053199,0.382285168,0.854845619,0.852740929,0.857596118,0.063885054,1,24
2,0.187539673,0.830091211,0.224670438,0.677391896,0.489027456,0.808294606,0.931369084,0.885311573,0.457093518,0.8,0.85,0.827414501,0.506944125,0.337962987,0.007079145,0.037463977,0,1,0.490820513,0.953920226,0.181127375,0.201395587,0.329178871,0.482214145,0.04263882,0.506802115,0.752239389,0.517155044,0.508472161,0.52613666,0.282299117,1,24
3,0.502543788,0.196323884,0.540050063,0.140171771,0.297879,0.487492942,0.258352224,0.260830861,0.304994687,0.454545455,0.4,0.403502052,0,0.411522642,0.067535042,0.293948127,0.131397394,0.574858111,0.300668618,0.271265902,0.576257242,0,0.369046276,0.334285243,0.072814746,0.49921521,1,0.654527648,0.502303737,0.755473831,0.857670315,1,24
4,1,1,0.669219212,1,1,0,0.946159208,0.992136499,1,0,0.75,0.781614227,0.493243485,0.731890546,0,0.538904899,0.299751995,0.318760711,1,0.93322918,0.712134197,0.226064023,0,1,0,0,0.705142398,0,0,0,0.893252736,1,24
5,0.599815206,0.947961788,0,0.630557321,0.885608951,0.38826559,1,1,0.8565356,0.454545455,1,1,0.500000365,1,0.049554014,0,0.107372503,0.631693065,0.88611811,1,0.539816941,1,0.981219305,0.064458238,0.730372783,1,0,1,1,1,0,0,24