,HR_mean,HR_std,HR_min,HR_max,HRV_RMSSD,HRV_MeanNN,HRV_SDNN,HRV_CVNN,HRV_CVSD,HRV_MedianNN,HRV_MadNN,HRV_MCVNN,HRV_pNN50,HRV_pNN20,HRV_HF,HRV_VHF,HRV_HFn,HRV_LFHF,HRV_SD1,HRV_SD2,HRV_SD1SD2,RSP_mean,RSP_std,RSP_min,RSP_max,RRV_RMSSD,RRV_MeanBB,RRV_SDBB,RRV_SD1,RRV_SD2,RRV_SD2SD1,label
0,100.23128611928043,7.2524989066501195,74.53416149068323,116.95906432748538, 23.910404, 598.704, 46.30703, 0.077345, 0.039937, 588.0, 35.5824, 0.060514, 4.2, 17.0, 0.004744, 0.000371, 0.216195, 3.54718, 16.92407, 63.309981, 0.267321,17.61304591200387,4.176162059246128,7.619047619047619,26.905829596412556, 1285.041073, 3444.941176, 1081.512382, 914.038176, 1226.324703, 1.341656,1
1,103.73437840454673,5.335979551942996,79.15567282321899,116.73151750972762, 16.371061, 578.435203, 31.348599, 0.054196, 0.028302, 573.0, 23.7216, 0.041399, 1.934236, 8.704062, 0.013175, 0.00095, 0.160041, 5.176296, 11.586573, 42.687181, 0.27143,16.92244095676095,4.623436547631643,4.078857919782461,27.285129604365622, 2263.426614, 3598.024691, 1660.34513, 1610.579377, 1708.662041, 1.060899,1
2,99.93987565005673,5.879682372249541,73.43941248470013,118.34319526627219, 20.014209, 600.390342, 37.755268, 0.062885, 0.033335, 593.0, 25.2042, 0.042503, 3.219316, 13.682093, 0.011462, 0.000694, 0.231831, 3.252962, 14.16449, 50.961576, 0.277945,19.9942802189962,8.47748543420757,3.7655328228944396,40.56795131845841, 3311.00893, 3159.032609, 2320.138891, 2354.205016, 2285.565069, 0.970844,0
3,100.93351413889991,4.680389732014198,82.98755186721992,111.94029850746269, 16.281757, 594.485089, 28.755725, 0.048371, 0.027388, 589.0, 22.239, 0.037757, 1.590457, 13.518887, 0.02068, 0.001863, 0.200636, 3.894044, 11.524301, 39.00189, 0.295481,20.760310309309098,4.2268763611506195,10.610079575596817,37.40648379052369, 767.943114, 2909.47, 641.532862, 545.738099, 724.774967, 1.328064,0
4,100.19350264693426,5.613835208547266,78.32898172323759,116.27906976744185, 22.392696, 598.668085, 36.765442, 0.061412, 0.037404, 591.0, 25.2042, 0.042647, 4.468085, 18.510638, 0.024287, 0.001056, 0.263838, 2.746707, 15.850783, 49.502645, 0.320201,19.048159915623412,3.6850739912548276,9.342883836810962,29.865604778496767, 812.555919, 3172.445652, 722.692712, 577.744584, 843.078114, 1.459257,0
