,HR_mean,HR_std,HR_min,HR_max,HRV_RMSSD,HRV_MeanNN,HRV_SDNN,HRV_CVNN,HRV_CVSD,HRV_MedianNN,HRV_MadNN,HRV_MCVNN,HRV_pNN50,HRV_pNN20,HRV_HF,HRV_VHF,HRV_HFn,HRV_LFHF,HRV_SD1,HRV_SD2,HRV_SD1SD2,RSP_mean,RSP_std,RSP_min,RSP_max,RRV_RMSSD,RRV_MeanBB,RRV_SDBB,RRV_SD1,RRV_SD2,RRV_SD2SD1,label,ID
0,0,0,0.446489434,0,0.273586595,1,0.014324918,0,0,1,0.428571429,0.376334073,0,0.994725749,0.847912525,0.401700319,0.526148818,0.284586201,0.27490238,0.029985024,0.738280792,0.124317873,0.048349615,0.832938982,0.049072614,0.363234557,0.710093226,0.197954193,0.362879228,0.09350383,0,1,10
1,0.396213525,0.102528638,0.708697462,1,1,0.535230458,0,0.035129635,1,0.545454545,0.142857143,0.114676599,1,0.321343156,1,1,1,0,1,0,1,0.090616025,0.021939637,0.985247258,0,0,0.64756254,0.08350252,0,0.311800656,1,1,10
2,0.450030477,0.552099124,0,0.146531602,0.389248199,0.485957586,1,1,0.317905563,0.5,0.714285714,0.705823365,0.017256931,0,0.055728131,0,0,1,0.387335363,0.908928839,0.106072033,0.519489646,0,1,0.348507257,0.121548859,0.296767757,0,0.1211847,0,0.260854562,1,10
3,0.431311183,1,0.017348696,0.454063263,0.158877563,0.497091031,0.944588783,0.945314574,0.049088359,0.5,1,1,0.570370624,0.613118282,0,0.472901169,0.155436069,0.651587417,0.160983481,1,0,1,1,0.926206966,1,0.298150344,0,0.436484284,0.297119524,0.702363695,0.737393599,0,10
4,0.260237811,0.595638069,0.210950081,0.263870727,0.41348814,0.693464141,0.572614551,0.563932395,0.269284712,0.681818182,0.714285714,0.691282859,0.431352289,1,0.369035785,0.836344315,0.185483369,0.637036116,0.415093352,0.61650573,0.298758107,0,0.587919926,0,0.066583147,1,1,1,1,1,0.081363357,0,10
5,1,0.101388972,1,0.191101408,0,0,0.111633996,0.202194496,0.045815802,0,0,0,0.380840708,0.32851688,0.32734841,0.590860786,0.058062692,0.863132686,0,0.066093394,0.617443478,0.711489361,0.611456356,0.99929392,0.537591411,0.326775386,0.258794236,0.392292823,0.326008973,0.579778318,0.552771232,0,10