,HR_mean,HR_std,HR_min,HR_max,HRV_RMSSD,HRV_MeanNN,HRV_SDNN,HRV_CVNN,HRV_CVSD,HRV_MedianNN,HRV_MadNN,HRV_MCVNN,HRV_pNN50,HRV_pNN20,HRV_HF,HRV_VHF,HRV_HFn,HRV_LFHF,HRV_SD1,HRV_SD2,HRV_SD1SD2,RSP_mean,RSP_std,RSP_min,RSP_max,RRV_RMSSD,RRV_MeanBB,RRV_SDBB,RRV_SD1,RRV_SD2,RRV_SD2SD1,label,ID
0,0.308658566,0,1,0.055010737,0,0.666251772,0,0,0,0.553956835,0,0,0,0,1,0.097229219,0.764477785,0.153217008,0,0,0.907394555,0.858239015,0,1,0.050279739,0,0.085514226,0,0,0,0.212168528,1,20
1,0.242484535,0.618113401,0,1,1,0.74294985,0.78084225,0.675538565,1,0.863309353,0.376623377,0.319671456,0.443552423,0.789012545,0.781243347,1,0.602451514,0.237762734,1,0.731670838,0.718516011,0.504811905,0.926144833,0.329561132,1,0.445260799,0.382405709,0.415772258,0.443964666,0.399865968,0,1,20
2,1,1,0.345751005,0.520309883,0.375857066,0,1,1,0.514786457,0,1,1,0.25713128,0.288980319,0,0,0,1,0.375781335,1,0,0,1,0,0,1,1,1,1,1,0.13705614,1,20
3,0,0.187767269,0.131435561,0,0.620502922,1,0.349731019,0.271000101,0.564519528,1,0.337662338,0.273507678,1,1,0.922876304,0.265491184,1,0,0.620694744,0.317304916,1,1,0.592968076,0.284094536,0.217706006,0.169135261,0,0.183443858,0.16839852,0.191370016,0.307225115,0,20
4,0.284399897,0.340822659,0.774089496,0.478970193,0.39629112,0.694693703,0.424422356,0.370004168,0.398426524,0.726618705,0.233766234,0.201769085,0.352872132,0.669545807,0.220300192,0.101259446,0.419323916,0.433526054,0.39635317,0.412115708,0.607256313,0.902906772,0.639182371,0.268629788,0.241275359,0.24382316,0.069741654,0.245963345,0.242898922,0.247637809,0.186705523,0,20
5,0.701142465,0.66305115,0.873485072,0.807172746,0.353296135,0.278338618,0.704618212,0.677809235,0.433654116,0.302158273,0.74025974,0.71168585,0.234457108,0.133308259,0.201830956,0.04231738,0.36619335,0.492966854,0.353324648,0.691005078,0.235367471,0.390864916,0.93416173,0.271249461,0.133901905,0.366233505,0.468786013,0.513283836,0.364887482,0.582760486,1,0,20