,HR_mean,HR_std,HR_min,HR_max,HRV_RMSSD,HRV_MeanNN,HRV_SDNN,HRV_CVNN,HRV_CVSD,HRV_MedianNN,HRV_MadNN,HRV_MCVNN,HRV_pNN50,HRV_pNN20,HRV_HF,HRV_VHF,HRV_HFn,HRV_LFHF,HRV_SD1,HRV_SD2,HRV_SD1SD2,RSP_mean,RSP_std,RSP_min,RSP_max,RRV_RMSSD,RRV_MeanBB,RRV_SDBB,RRV_SD1,RRV_SD2,RRV_SD2SD1,label,ID
0,0.999684147,0.431281519,0.661355658,1,1,0.002551556,0.354853261,0.60171319,1,0,0.083333333,0.20072641,0.701992092,0.807980969,0.545758288,0.435483871,0.637213716,0.160534496,1,0.266530025,1,0.454111919,0.514737247,0.192865614,0.448361046,0.32670969,0.311684761,0.43636606,0.325905519,0.540288648,1,1,29
1,0.291222077,0.115399662,0.292499736,0.011205401,0.123858575,0.695468893,0.221095821,0.284233856,0.140850832,0.580645161,0,0.042435698,0.106021422,0,0.19055077,0.225134409,0.102427999,0.731614861,0.123596536,0.230260947,0.273216895,0.681863519,0.28564573,0.467300437,1,0.253972748,0.201496791,0.192248915,0.253551499,0.133703933,0.03765416,1,29
2,0.419295605,1,0.420929241,0.268381994,0,0.958273586,0,0,0,0.935483871,0,0,0,0.140289533,0,0.215053763,0.095946966,0.741533969,0,0,0.34145469,1,0,1,0.627272501,0,0,0,0,0,0.855265372,1,29
3,1,0.631828471,1,0.837861525,0.815093572,0,0.572961946,0.832215167,0.843264249,0.064516129,0.583333333,0.704951449,0.873597918,0.826168357,0.110623858,0.628360215,1,0,0.815017797,0.514918117,0.635550695,0,1,0,0.673262385,1,0.692402984,1,1,1,0,0,29
4,0,0.185951433,0,0,0.851394279,1,0.467782444,0.456631125,0.678415599,1,0.5,0.483025721,1,1,1,1,0.493985193,0.246973022,0.851639137,0.408132758,0.751341352,0.291709717,0.394041517,0.513819403,0.472541602,0.4330411,0.41892167,0.385406821,0.432500895,0.340382835,0.020611706,0,29
5,0.331854443,0,0.639227533,0.16064527,0.407418997,0.952946835,1,1,0.329220071,0.838709677,1,1,0.493965461,0.428702835,0.002975724,0,0,1,0.41029322,1,0,0.493859129,0.381193069,0.292045843,0,0.571679928,1,0.697385589,0.579078479,0.814052778,0.71559444,0,29