,HR_mean,HR_std,HR_min,HR_max,HRV_RMSSD,HRV_MeanNN,HRV_SDNN,HRV_CVNN,HRV_CVSD,HRV_MedianNN,HRV_MadNN,HRV_MCVNN,HRV_pNN50,HRV_pNN20,HRV_HF,HRV_VHF,HRV_HFn,HRV_LFHF,HRV_SD1,HRV_SD2,HRV_SD1SD2,RSP_mean,RSP_std,RSP_min,RSP_max,RRV_RMSSD,RRV_MeanBB,RRV_SDBB,RRV_SD1,RRV_SD2,RRV_SD2SD1,label,ID
0,0.537287627,0.290416271,0.569368641,0.287155963,0.657510937,0.442724502,0.31288885,0.309242695,0.685873606,0.434782609,0,0.035207198,0,0.298197224,1,1,1,0,0.656962985,0.291323035,1,0.200617573,0.661996282,0.182000203,0.899076091,0.614990409,0.749332045,0.479259709,0.614817542,0.434524415,0.38837887,1,7
1,0.253623515,0,0.811998078,0,0,0.730100678,0,0,0,0.68115942,0,0,0.139920396,0,0.321601334,0.196022727,0.116212529,0.804171426,0,0,0.552758162,0.355692779,0,1,0,0,0.558348311,0,0,0,0,1,7
2,0,0.327325227,0,0.287155963,0.576811311,1,0.548306574,0.418525144,0.488104089,1,0.454545455,0.330609212,0.290373329,1,0.097748123,0,0,1,0.576816683,0.543565716,0.473390646,0.063892972,0.613164615,0.127679201,1,0.647528665,0.855973699,0.502098892,0.646024835,0.454310421,0.388869797,1,7
3,1,1,0.827463579,0.84193038,0.660498418,0,1,1,0.795291202,0,1,1,0.600163317,0.870065865,0,0.082386364,0.286486943,0.576310531,0.660131618,1,0,1,0.709028091,0.213324069,0.384121472,0.422178005,0,0.360696519,0.421536938,0.344311073,0.493939566,0,7
4,0.726003515,0.518856727,1,0.63578125,0.916743332,0.257595454,0.518390565,0.519896641,0.98401487,0.304347826,0.636363636,0.610822189,1,0.628602503,0.504587156,0.518939394,0.71387524,0.180876068,0.916409258,0.498057877,0.98232866,0.962923199,0.441930647,0.480414243,0.256652342,0.263799022,0.042585922,0.191785093,0.263478575,0.167060644,0.185858777,0,7
5,0.432353591,0.583728887,0.524862342,1,1,0.509293606,0.772994847,0.694414629,1,0.565217391,0.954545455,0.8317649,0.459699677,0.914934322,0.461050876,0.608901515,0.296519419,0.551692897,1,0.757310169,0.681045952,0,1,0,0.099590802,1,1,1,1,1,1,0,7