,HR_mean,HR_std,HR_min,HR_max,HRV_RMSSD,HRV_MeanNN,HRV_SDNN,HRV_CVNN,HRV_CVSD,HRV_MedianNN,HRV_MadNN,HRV_MCVNN,HRV_pNN50,HRV_pNN20,HRV_HF,HRV_VHF,HRV_HFn,HRV_LFHF,HRV_SD1,HRV_SD2,HRV_SD1SD2,RSP_mean,RSP_std,RSP_min,RSP_max,RRV_RMSSD,RRV_MeanBB,RRV_SDBB,RRV_SD1,RRV_SD2,RRV_SD2SD1,label,ID
0,0,0.75286312,0,0.310120863,1,1,1,0.954888474,1,1,0.88,0.71846026,1,1,0.774251141,0.640540541,1,0,1,1,0.692692368,0.670043843,0.59508985,0.162835736,0,0.288445776,0.130331635,0.229640171,0.285179196,0.1941668,0,1,12
1,0.859816184,1,0.576542026,1,0.187002266,0.127466519,0.834322384,1,0.283262595,0.184357542,1,1,0.517574541,0.265447229,0,0,0,1,0.186816451,0.875194424,0,0.247632845,1,0.210957457,1,0.524499424,0.485010713,0.504083032,0.521670012,0.494031698,0.38812891,1,12
2,0.611440771,0.798801232,0.834983498,0.291450485,0.14982132,0.123733878,0.436671824,0.546573473,0.238912468,0.027932961,0.74,0.78106017,0.558968808,0.396694247,0.231104939,0.597297297,0.219580733,0.612233183,0.150248656,0.455757947,0.380275878,0,0.601585493,0,0.048176862,1,1,1,1,1,0.459234364,1,12
3,0.315654313,0.151075419,0.966465459,0.876474752,0.046793146,0.662129548,0.191911696,0.165214001,0,0.687150838,0.16,0.117931667,0.319558118,0.503786999,0.210077366,0.494594595,0.119935869,0.765261998,0.046955859,0.208696902,0.574913542,1,0,1,0.09838639,0,0,0,0,0,0.863422699,0,12
4,0.576245366,0,1,0,0.08988445,0.400073933,0,0,0.104754875,0.441340782,0,0,0.206228572,0.632468023,0.87165245,1,0.392821432,0.411138276,0.089970108,0,1,0.878057259,0.3862924,0.608436129,0.027893662,0.04724543,0.03850316,0.058565245,0.046648013,0.064579399,1,0,12
5,1,0.104459919,0.660852713,0.40430132,0,0,0.001380166,0.071315196,0.083717783,0,0.06,0.115118187,0,0,1,0.613513514,0.178291901,0.67990023,0,0.007560568,0.840082921,0.74197884,0.72362653,0.349740992,0.085752617,0.194341161,0.095922915,0.167879345,0.191845307,0.153932724,0.25644628,0,12