,HR_mean,HR_std,HR_min,HR_max,HRV_RMSSD,HRV_MeanNN,HRV_SDNN,HRV_CVNN,HRV_CVSD,HRV_MedianNN,HRV_MadNN,HRV_MCVNN,HRV_pNN50,HRV_pNN20,HRV_HF,HRV_VHF,HRV_HFn,HRV_LFHF,HRV_SD1,HRV_SD2,HRV_SD1SD2,RSP_mean,RSP_std,RSP_min,RSP_max,RRV_RMSSD,RRV_MeanBB,RRV_SDBB,RRV_SD1,RRV_SD2,RRV_SD2SD1,label,ID
0,0.15942558,1,0.827731802,1,0.791195443,0.837504171,1,1,0.82716493,0.666666667,1,1,0.993535572,0.569545584,0,0,0.383677591,0.555966365,0.791244088,1,0,0.674004499,0.057480181,0.991112935,0.653514113,0,0.279125156,0.008662444,0,0.021201204,0.923370233,1,16
1,0.918802423,0.175624226,0.913298483,0.017106467,0.189220086,0.08114644,0.20080676,0.207465468,0.390585699,0,0,0.012609729,0.460629534,0.807288046,0.345467907,0.259075908,1,0,0.189361481,0.221076531,0.643234321,0.462281785,0,0.973073966,0,0.007075975,0.466721742,0,0.00708913,0,0,1,16
2,0.640566541,0.199058348,0.896095076,0.856058373,0.565233614,0.35011457,0.26341001,0.259318132,0.712899748,0.166666667,0.222222222,0.233182987,0.464767345,0.698825083,0.26929708,0.193069307,0.260006919,0.691113834,0.56440581,0.260644489,0.681919435,0.530315302,0.198981949,0.479835218,0.568167135,0.110249641,0.412758286,0.105243114,0.110213214,0.106503752,0.147048784,1,16
3,1,0,1,0.503381986,0.399460561,0,0,0,0.625943227,0.25,0,0,0,1,1,1,0.338940779,0.593283614,0.398847012,0,1,1,0.117175378,1,1,0.004861283,0,0.015604838,0.004816182,0.029638986,1,0,16
4,0,0.610549193,0.135627773,0.409627932,1,1,0.696267444,0.674742381,1,1,0.444444444,0.413696106,1,0.811905389,0.164579859,0.204620462,0.018674746,0.981705823,1,0.695647464,0.302017235,0,1,0,0.456197783,1,1,1,1,1,0.190374171,0,16
5,0.053417553,0.504323824,0,0,0,0.942873455,0.633025452,0.612475334,0,0.583333333,0.222222222,0.210582472,0.533570669,0,0.079081993,0.173267327,0,1,0,0.653741119,0.138969994,0.660325603,0.14283559,0.900025382,0.497583007,0.027976615,0.294838009,0.037699209,0.027971385,0.051069738,0.796940693,0,16