,HR_mean,HR_std,HR_min,HR_max,HRV_RMSSD,HRV_MeanNN,HRV_SDNN,HRV_CVNN,HRV_CVSD,HRV_MedianNN,HRV_MadNN,HRV_MCVNN,HRV_pNN50,HRV_pNN20,HRV_HF,HRV_VHF,HRV_HFn,HRV_LFHF,HRV_SD1,HRV_SD2,HRV_SD1SD2,RSP_mean,RSP_std,RSP_min,RSP_max,RRV_RMSSD,RRV_MeanBB,RRV_SDBB,RRV_SD1,RRV_SD2,RRV_SD2SD1,label,ID
0,0,0,0.454208023,0,0.230954292,1,0,0,0,1,0.294117647,0.145088102,0.356763461,0.52713724,1,0.741007194,0.920114473,0.054576425,0.231537462,0,0.951980792,0.288177979,0.013690753,0.081562377,0.056000185,0.640554383,0.676624546,0.64451682,0.640986489,0.635962741,0.223704731,1,21
1,0.584370459,0.216496103,0.956419989,0.067632193,0.012791945,0.396460541,0.190315195,0.241651683,0.033784861,0.414285714,0.647058824,0.699569804,0,0.445011212,0.203828652,0.147482014,0.324816026,0.555494195,0.013273781,0.197755474,0.579726291,0.229728752,0.095539047,0.063658062,0,0.833935302,0.752299409,0.755460858,0.834559298,0.680639082,0,1,21
2,0.326620794,0.187177005,0,0.174788987,1,0.656241382,0.217586102,0.229728573,1,0.635714286,0,0,1,1,0.810921073,1,1,0,1,0.204762832,1,0,0.270182343,0.041742135,0.097259691,0.696401961,1,0.893332378,0.694262109,1,0.599797186,1,21
3,0.783259436,1,0.728579046,1,0.304734609,0.204034354,1,1,0.457211155,0.5,1,1,0.534748653,0.571257867,0,0,0.471586263,0.389078683,0.304741795,1,0,1,0,1,1,0,0,0,0,0,1,0,21
4,0.773567878,0.340216893,1,0.15904,0.288956168,0.211714036,0.303857426,0.370365613,0.435378486,0.214285714,0.411764706,0.554894219,0.705448232,0.666474568,0.521418484,0.68705036,0,1,0.288824484,0.303909035,0.573128451,0.549055281,0.252315397,0.217113991,0.505497771,0.558051286,0.402524066,0.473976149,0.558047822,0.408461394,0.043821757,0,21
5,1,0.31860951,0.672796892,0.278171642,0,0,0.226926594,0.332691155,0.209083665,0,0.176470588,0.41057222,0.07001438,0,0.314765417,0.305755396,0.303802126,0.581072298,0,0.23159539,0.534252101,0.520726991,1,0,0.978478142,1,0.429148526,1,1,0.975007603,0.110071917,0,21