,HR_mean,HR_std,HR_min,HR_max,HRV_RMSSD,HRV_MeanNN,HRV_SDNN,HRV_CVNN,HRV_CVSD,HRV_MedianNN,HRV_MadNN,HRV_MCVNN,HRV_pNN50,HRV_pNN20,HRV_HF,HRV_VHF,HRV_HFn,HRV_LFHF,HRV_SD1,HRV_SD2,HRV_SD1SD2,RSP_mean,RSP_std,RSP_min,RSP_max,RRV_RMSSD,RRV_MeanBB,RRV_SDBB,RRV_SD1,RRV_SD2,RRV_SD2SD1,label,ID
0,0.858250693,0.124290952,1,0.277713445,0.044965757,0.131657216,0,0,0.037604665,0.233333333,0.038461538,0.077743516,0.046046622,0.159535772,0.63057875,0.240762813,0.907257143,0.062320681,0.044965629,0,0.688831838,0,0,0.733998181,0.062342971,0.32888844,1,0.2777502,0.330418585,0.271180469,0.21394861,1,31
1,1,0.790612019,0.870547035,0.88788801,0,0,0.416730824,0.531327139,0,0,0.192307692,0.29297964,0,0,0,0,0,1,0,0.46730361,0,0.166587539,0.949013101,0,0.614086297,1,0.811732447,1,1,1,0.703811932,1,31
2,0.625411022,0,0.789411022,0.421878237,0.157577793,0.40155795,0.115337162,0.092858133,0.136101974,0.466666667,0,0,0.185167587,0.205779403,0.968806987,1,0.661019048,0.22520652,0.157720972,0.10823023,0.757556549,1,1,0.192200688,0.57360408,0.233974526,0,0.205343057,0.230614316,0.219138056,0.2721087,1,31
3,0.294954571,0.792666785,0.64547385,0.767702111,0.4737619,0.690273676,0.638632193,0.652364443,0.459666567,0.8,0.519230769,0.519768522,0.48811157,0.468353869,0.877339476,0.510131108,1,0,0.473750831,0.663587415,0.589352688,0.35219994,0.387878635,1,0,0,0.544487995,0.156776894,0,0.283179907,1,0,31
4,0,1,0,0,1,1,1,1,1,1,1,1,1,1,1,0.553039333,0.478885714,0.39731525,1,1,1,0.793472124,0.944487528,0.740626735,1,0.056516231,0.171011962,0,0.054584493,0,0.004981647,0,31
5,0.27126338,0.923404272,0.519794963,1,0.564835225,0.76389417,0.885962661,0.922784635,0.551846591,0.916666667,0.538461538,0.519705162,0.69016287,0.627537338,0.473078031,0.346841478,0.607304762,0.277316272,0.565262615,0.929496603,0.444655743,0.428400049,0.80765349,0.507958855,0.477212142,0.573139539,0.546728645,0.429838342,0.571555371,0.358406761,0,0,31