,HR_mean,HR_std,HR_min,HR_max,HRV_RMSSD,HRV_MeanNN,HRV_SDNN,HRV_CVNN,HRV_CVSD,HRV_MedianNN,HRV_MadNN,HRV_MCVNN,HRV_pNN50,HRV_pNN20,HRV_HF,HRV_VHF,HRV_HFn,HRV_LFHF,HRV_SD1,HRV_SD2,HRV_SD1SD2,RSP_mean,RSP_std,RSP_min,RSP_max,RRV_RMSSD,RRV_MeanBB,RRV_SDBB,RRV_SD1,RRV_SD2,RRV_SD2SD1,label,ID
0,0,0,1,0.325034142,0.079469168,1,0,0,0.068689423,1,0.75,0.682121501,0,0.222249078,0.171459227,0.006622517,1,0,0.079241676,0,0.355355866,0.361443649,0,1,0.169775889,0,0.632791509,0,0,0,0,1,32
1,0.501828574,0.594384245,0.405202804,0.147948612,0.283246071,0.490728089,0.642499958,0.619750867,0.295195954,0.470588235,0.75,0.727272727,0.481516215,0.043812064,0,0,0,1,0.283325536,0.66305023,0,0.239212965,0.234322667,0.833998557,0,0.113175833,0.770868885,0.150870509,0.113239478,0.174945739,0.345953651,1,32
2,0.134809841,0.129027904,0.608833527,0,0,0.935293285,0.071477459,0.069089508,0,0.882352941,0,0,1,0,0.277682403,1,0.176209065,0.722034137,0,0.081067301,0.092889479,0,1,0,0.10909558,1,1,1,1,1,0.017879768,1,32
3,0.71696781,0.851779768,1,1,0.578207013,0.278593946,0.746083619,0.738153332,0.588074168,0.294117647,1,0.977467718,0,0.280340691,0.776824034,0.701986755,0.475859358,0.384907685,0.578044991,0.738854704,0.462847612,0.939141605,0.795740139,0.519725928,0.70818064,0.179489038,0.055308737,0.305638034,0.178057422,0.380206014,1,0,32
4,0.897959558,1,0.664727227,0.943404536,1,0.100393691,0.969691359,0.959291126,1,0.058823529,1,1,0.954211896,1,1,0.874172185,0.357460421,0.50546387,1,0.937218102,1,0.835434177,0.497336328,0.90764183,1,0.102838915,0.158723201,0.152033687,0.10268227,0.183079287,0.457829844,0,32
5,1,0.927699599,0,0.098245614,0.757858742,0,1,1,0.781289507,0,0.75,0.768610798,0.476233273,0.674956888,0.670171674,0.311258278,0.319304381,0.549367495,0.758101014,1,0.501514687,1,0.292714334,0.966982648,0.56666244,0.004893278,0,0.04239034,0.004752363,0.066190361,0.428119268,0,32