,HR_mean,HR_std,HR_min,HR_max,HRV_RMSSD,HRV_MeanNN,HRV_SDNN,HRV_CVNN,HRV_CVSD,HRV_MedianNN,HRV_MadNN,HRV_MCVNN,HRV_pNN50,HRV_pNN20,HRV_HF,HRV_VHF,HRV_HFn,HRV_LFHF,HRV_SD1,HRV_SD2,HRV_SD1SD2,RSP_mean,RSP_std,RSP_min,RSP_max,RRV_RMSSD,RRV_MeanBB,RRV_SDBB,RRV_SD1,RRV_SD2,RRV_SD2SD1,label,ID
0,0,0.435272735,0,0.474358974,0.001758354,0.017195275,0.002906784,0.006510117,0.004059319,1,0.095238095,0.083524916,0.112328502,0.096149128,0.733638076,0.853658537,0.922222352,0.003940011,0.00175336,0.003112534,0.071533199,0.892077966,0.755622419,0.017407884,0.504253661,0.471651532,0.131525844,0.570080968,0.469872885,0.535784256,0.588135714,1,6
1,0.427396687,0.309113435,0.830353596,0,0.000793237,0.008101827,0.00195908,0.004649057,0.001845611,0.444444444,0.142857143,0.141863931,0.058022026,0.034888893,0.46897489,0.429583006,1,0,0.000791797,0.002290198,0,0.505331015,0,1,0,0,0.428643339,0,0,0,1,1,6
2,0.828836761,0,1,0.200971984,0,0,0,0,0,0,0,0,0,0,1,1,0.940352929,0.003059153,0,0,0.108001028,1,0.259120179,0.613268093,0.254979453,0.240598919,0,0.167672904,0.240506878,0.080252765,0.299387941,1,6
3,1,1,0.782918149,1,0.36447718,0.182970087,0.466437769,0.925132998,0.76424016,0.37037037,0.238095238,0.24201297,0.402452883,0.207455786,0.019458257,0.007081039,0.374983921,0.076875701,0.363614461,0.458326693,0.481623892,0.77750601,1,0.012746603,0.797734628,0.740830633,0.243096288,1,0.73917858,1,0.697086979,0,6
4,0.54961563,0.694678882,0.608974359,0.104166667,0.424476122,0.324141373,0.600260075,1,0.746995431,0.796296296,0.246031746,0.240720775,0.419255417,0.523058244,0,0,0.024204507,0.667056969,0.42387554,0.664751145,0.101327661,0.279032547,0.983774305,0.121006821,1,1,0.804592054,0.966393655,1,0.721627167,0,0,6
5,0.948394513,0.807788412,0.818452381,0.062080537,1,1,1,0.940668832,1,1,1,1,1,1,0.006269883,0.00393391,0,1,1,1,1,0,0.343659143,0,0.081623478,0.561190262,1,0.566111409,0.561519628,0.455252762,0.274574607,0,6