,HR_mean,HR_std,HR_min,HR_max,HRV_RMSSD,HRV_MeanNN,HRV_SDNN,HRV_CVNN,HRV_CVSD,HRV_MedianNN,HRV_MadNN,HRV_MCVNN,HRV_pNN50,HRV_pNN20,HRV_HF,HRV_VHF,HRV_HFn,HRV_LFHF,HRV_SD1,HRV_SD2,HRV_SD1SD2,RSP_mean,RSP_std,RSP_min,RSP_max,RRV_RMSSD,RRV_MeanBB,RRV_SDBB,RRV_SD1,RRV_SD2,RRV_SD2SD1,label,ID
0,0,1,0,0,1,1,1,1,1,1,0.8,0.737348214,1,1,0.315964523,0.277087034,0.887655796,0.053682832,1,1,0.512930864,0,0.665195776,0.061925109,0.114349908,1,1,1,1,1,0.2649423,1,8
1,0.461967253,0.613269092,0.462740385,0.601134052,0.343191662,0.523729326,0.52694891,0.541424786,0.347259823,0.615384615,0.6,0.570646452,0.243500472,0.378779255,0.041512688,0,0,1,0.343187564,0.534546317,0,0.211988325,0.901214199,0,0.268277404,0.962355426,0.766907577,0.977090649,0.961820985,0.992393486,0.300361286,1,8
2,0.277523572,0.539991695,0.566860465,0.035237283,0.355774795,0.714014812,0.495809152,0.497901224,0.351210946,0.692307692,0.6,0.564469713,0.248232511,0.330977721,0,0.456483126,0.365374765,0.422912386,0.355788248,0.501780103,0.115778945,0.195545675,0.551389646,0.425955267,0.586661631,0.766037091,0.790117907,0.605558302,0.765773374,0.445461066,0,1,8
3,0.627432997,0.561630337,0.642326158,0.702818627,0.494925252,0.359173101,0.470164075,0.490667143,0.517231287,0.346153846,1,1,0.240995358,0.481989617,0.009608278,0.021314387,0.820776116,0.089799858,0.494873955,0.467780898,0.624550875,1,0.231976527,0.987447615,0.194480654,0,0,0,0,0,1,0,8
4,1,0,1,0.12462056,0,0,0,0,0,0,0,0,0,0,1,1,0.962999098,0.0153675,0,0,0.628894066,0.435680113,0,1,0,0.059130613,0.490090977,0.04448505,0.059233805,0.035961065,0.814195219,0,8
5,0.704336819,0.356287701,0.765836557,1,0.384373677,0.284144049,0.27654481,0.287815189,0.403307236,0.346153846,0.6,0.59268618,0.239760363,0.159840604,0.809928554,0.611012433,1,0,0.384357522,0.271299796,1,0.320208746,1,0.368954264,1,0.428636813,0.628859063,0.502077373,0.428507557,0.57024861,0.676287858,0,8