,HR_mean,HR_std,HR_min,HR_max,HRV_RMSSD,HRV_MeanNN,HRV_SDNN,HRV_CVNN,HRV_CVSD,HRV_MedianNN,HRV_MadNN,HRV_MCVNN,HRV_pNN50,HRV_pNN20,HRV_HF,HRV_VHF,HRV_HFn,HRV_LFHF,HRV_SD1,HRV_SD2,HRV_SD1SD2,RSP_mean,RSP_std,RSP_min,RSP_max,RRV_RMSSD,RRV_MeanBB,RRV_SDBB,RRV_SD1,RRV_SD2,RRV_SD2SD1,label
0,90.6268145853475,5.977121858451841,74.25742574257426,107.14285714285714, 35.01679, 662.230599, 45.634539, 0.06891, 0.052877, 657.0, 42.9954, 0.065442, 13.08204, 50.332594, 0.027858, 0.000896, 0.448363, 1.198187, 24.787735, 59.538467, 0.416331,16.469451738129155,1.9888993491353952,11.066027296200664,26.513477684489615, 673.925098, 3659.7375, 504.47744, 479.579783, 528.202808, 1.101387,1
1,92.58495384953639,6.2409567091314635,74.71980074719801,107.5268817204301, 34.888207, 648.225597, 45.808309, 0.070667, 0.053821, 644.0, 44.478, 0.069065, 12.798265, 48.806941, 0.021005, 0.001584, 0.303033, 2.224548, 24.696396, 59.794668, 0.41302,16.187711057448418,2.1736006561554477,10.576414595452142,23.952095808383234, 637.682981, 3713.102564, 562.110392, 453.757384, 652.717721, 1.438473,1
2,98.15564453987612,6.460995572912658,83.10249307479225,123.20328542094457, 31.667749, 611.462168, 40.940269, 0.066955, 0.05179, 608.0, 37.065, 0.060962, 11.451943, 35.787321, 0.009905, 0.000821, 0.41544, 1.324234, 22.414416, 53.20147, 0.421312,18.370349832027976,3.046870605960377,10.496850944716584,26.917900403768506, 851.69278, 3284.719101, 655.368737, 605.453447, 701.742465, 1.159036,0
3,92.16439545493887,6.03874451656845,74.07407407407408,108.89292196007258, 31.990412, 651.189542, 44.62411, 0.068527, 0.049126, 646.0, 40.0302, 0.061966, 10.021786, 47.058824, 0.020333, 0.001394, 0.264283, 2.715277, 22.644746, 58.808149, 0.385061,18.432016454647943,2.3830822823439792,13.134851138353767,25.75107296137339, 504.624909, 3266.738636, 463.939564, 358.888381, 549.253101, 1.530429,0
4,91.88190295162485,5.610444407436126,72.11538461538461,107.14285714285714, 27.806065, 653.170306, 41.130223, 0.06297, 0.042571, 653.5, 33.3585, 0.051046, 6.9869, 40.829694, 0.014037, 0.001429, 0.227209, 3.299475, 19.683404, 54.773392, 0.359361,17.943927085493605,3.0174418042221416,8.587376556462,24.193548387096776, 802.241851, 3369.523256, 691.284375, 570.599846, 793.828691, 1.391218,0
